Handle,Title,Body (HTML),Vendor,Product Category,Type,Tags,Published,Option1 Name,Option1 Value,Option1 Linked To,Option2 Name,Option2 Value,Option2 Linked To,Option3 Name,Option3 Value,Option3 Linked To,Variant SKU,Variant Grams,Variant Inventory Tracker,Variant Inventory Qty,Variant Inventory Policy,Variant Fulfillment Service,Variant Price,Variant Compare At Price,Variant Requires Shipping,Variant Taxable,Variant Barcode,Image Src,Image Position,Image Alt Text,Gift Card,SEO Title,SEO Description,Google Shopping / Google Product Category,Google Shopping / Gender,Google Shopping / Age Group,Google Shopping / MPN,Google Shopping / Condition,Google Shopping / Custom Product,Google Shopping / Custom Label 0,Google Shopping / Custom Label 1,Google Shopping / Custom Label 2,Google Shopping / Custom Label 3,Google Shopping / Custom Label 4,Band color (product.metafields.shopify.band-color),Color (product.metafields.shopify.color-pattern),Food storage material (product.metafields.shopify.food-storage-material),Variant Image,Variant Weight Unit,Variant Tax Code,Cost per item,Included / Pakistan,Price / Pakistan,Compare At Price / Pakistan,Included / International,Price / International,Compare At Price / International,Status
3-in-1-brushes,3 in 1 brushes,"",Rangoons Shop,Health & Beauty > Personal Care > Cosmetics > Cosmetic Tools > Makeup Tools > Makeup Brushes,"","",true,Title,Default Title,,,,,,,,"",0.0,shopify,0,deny,manual,400.00,,true,true,"",https://cdn.shopify.com/s/files/1/0657/9506/3976/files/WhatsAppImage2024-10-10at12.07.56AM_2.jpg?v=1728772574,,"",false,,,,,,,,,,,,,,,,,,kg,,,true,,,true,,,active
3-in-1-brushes,,,,,,,,,,,,,,,,,,,,,,,,,,,,https://cdn.shopify.com/s/files/1/0657/9506/3976/files/WhatsAppImage2024-10-10at12.09.43AM_1.jpg?v=1728772573,,"",,,,,,,,,,,,,,,,,,,,,,,,,,,,
6-cartoon-characters-hair-bands,6 cartoon characters hair bands,"",Rangoons Shop,Apparel & Accessories > Clothing Accessories > Hair Accessories > Ponytail Holders,"","",true,Title,Default Title,,,,,,,,"",0.0,shopify,58,deny,manual,300.00,350.00,true,true,"",https://cdn.shopify.com/s/files/1/0657/9506/3976/files/WhatsAppImage2024-09-10at6.05.40AM.jpg?v=1728769834,,"",false,,,,,,,,,,,,,,,,,,kg,,,true,,,true,,,active
6-cartoon-characters-hair-bands,,,,,,,,,,,,,,,,,,,,,,,,,,,,https://cdn.shopify.com/s/files/1/0657/9506/3976/files/WhatsAppImage2024-09-10at6.05.40AM_0b2f3e45-dd5e-4446-9c4d-905007f4804e.jpg?v=1728769859,,"",,,,,,,,,,,,,,,,,,,,,,,,,,,,
6-cartoon-characters-hair-bands,,,,,,,,,,,,,,,,,,,,,,,,,,,,https://cdn.shopify.com/s/files/1/0657/9506/3976/files/WhatsAppImage2024-09-10at6.05.40AM_1_31086800-b0a0-4141-bc12-a3c0ff94bd86.jpg?v=1728769864,,"",,,,,,,,,,,,,,,,,,,,,,,,,,,,
awesome-wow-super-job-sticker-roll,"Awesome, wow, super job Sticker roll","",Rangoons Shop,Office Supplies > General Office Supplies > Labels & Tags > Label Clips,"","",true,Title,Default Title,,,,,,,,"",0.0,shopify,13,deny,manual,500.00,,true,true,"",https://cdn.shopify.com/s/files/1/0657/9506/3976/files/WhatsAppImage2024-10-16at9.46.02AM.jpg?v=1729211629,,"",false,,,,,,,,,,,,,,,,,,kg,,,true,,,true,,,active
awesome-wow-super-job-sticker-roll,,,,,,,,,,,,,,,,,,,,,,,,,,,,https://cdn.shopify.com/s/files/1/0657/9506/3976/files/WhatsAppImage2024-10-16at9.42.07AM.jpg?v=1729211628,,"",,,,,,,,,,,,,,,,,,,,,,,,,,,,
band-watches,Band Watches,"<p>Boys n Girls band watches</p>
<!---->",Rangoons Shop,,"","all kids products, all products, watches",true,Title,Default Title,,,,,,,,"",0.0,shopify,10,deny,manual,750.00,,true,false,"",https://cdn.shopify.com/s/files/1/0657/9506/3976/files/29.jpg?v=1716820434,,"",false,,,,,,,,,,,,,,,,,,kg,,,true,,,true,,,active
band-watches,,,,,,,,,,,,,,,,,,,,,,,,,,,,https://cdn.shopify.com/s/files/1/0657/9506/3976/files/47.jpg?v=1716820434,,"",,,,,,,,,,,,,,,,,,,,,,,,,,,,
transparent-transport-shape-sharpner-copy,Cryon clutch pencil Pack of 4,"<p>Multi cryon clutch colour pencil<br>Pack of 4<br>4 colours <br>Pink<br>Blue<br>Yellow<br>Green</p>
<!---->",Rangoons Shop,,"","all kids products, all products, kid stationary",true,Title,Default Title,,,,,,,,,0.0,shopify,9,deny,manual,500.00,,true,false,,https://cdn.shopify.com/s/files/1/0657/9506/3976/files/8.jpg?v=1716820602,,"",false,,,,,,,,,,,,,,,,,,kg,,,true,,,true,,,active
transparent-transport-shape-sharpner-copy,,,,,,,,,,,,,,,,,,,,,,,,,,,,https://cdn.shopify.com/s/files/1/0657/9506/3976/files/37.jpg?v=1716820601,,"",,,,,,,,,,,,,,,,,,,,,,,,,,,,
transparent-transport-shape-sharpner-copy,,,,,,,,,,,,,,,,,,,,,,,,,,,,https://cdn.shopify.com/s/files/1/0657/9506/3976/files/39.jpg?v=1716820601,,"",,,,,,,,,,,,,,,,,,,,,,,,,,,,
dino-cutter-12-pieces,Dino Cutter-12 pieces,"",Rangoons Shop,Arts & Entertainment > Hobbies & Creative Arts > Arts & Crafts > Art & Crafting Tools > Craft Cutting & Embossing Tools > Craft Knives,"","",true,Title,Default Title,,,,,,,,"",0.0,shopify,15,deny,manual,450.00,600.00,true,true,"",https://cdn.shopify.com/s/files/1/0657/9506/3976/files/WhatsApp_Image_2024-08-31_at_11.42.59_PM.jpg?v=1725198579,,"",false,,,,,,,,,,,,,,,,,,kg,,,true,,,true,,,active
dino-cutter-12-pieces,,,,,,,,,,,,,,,,,,,,,,,,,,,,https://cdn.shopify.com/s/files/1/0657/9506/3976/files/WhatsApp_Image_2024-08-31_at_11.43.00_PM.jpg?v=1725198578,,"",,,,,,,,,,,,,,,,,,,,,,,,,,,,
dino-cutter-12-pieces,,,,,,,,,,,,,,,,,,,,,,,,,,,,https://cdn.shopify.com/s/files/1/0657/9506/3976/files/WhatsApp_Image_2024-08-31_at_11.48.05_PM.jpg?v=1725198578,,"",,,,,,,,,,,,,,,,,,,,,,,,,,,,
duck-scale,Duck Scale,"",Rangoons Shop,Office Supplies > General Office Supplies > Paper Products > Stationery,"","",true,Title,Default Title,,,,,,,,"",0.0,shopify,45,deny,manual,100.00,150.00,true,true,"",https://cdn.shopify.com/s/files/1/0657/9506/3976/files/IMG-20240808-WA0029.jpg?v=1723112113,,"",false,,,,,,,,,,,,,,,,,,kg,,,true,,,true,,,active
duck-scale,,,,,,,,,,,,,,,,,,,,,,,,,,,,https://cdn.shopify.com/s/files/1/0657/9506/3976/files/images_ba0ae954-df42-4e5d-be6b-1473a63a0ce3.jpg?v=1723112114,,"",,,,,,,,,,,,,,,,,,,,,,,,,,,,
empty-paint-pot-bar-of-6,Empty Paint pot bar of 6,<!---->,Rangoons Shop,Arts & Entertainment > Hobbies & Creative Arts > Arts & Crafts > Craft Organization,"","",true,Title,Default Title,,,,,,,,"",0.0,shopify,6000,deny,manual,40.00,,true,true,"",https://cdn.shopify.com/s/files/1/0657/9506/3976/files/download_1.jpg?v=1723111621,,"",false,,,,,,,,,,,,,,,,,,kg,,,true,,,true,,,active
empty-paint-pot-bar-of-6,,,,,,,,,,,,,,,,,,,,,,,,,,,,https://cdn.shopify.com/s/files/1/0657/9506/3976/files/download.jpg?v=1723111621,,"",,,,,,,,,,,,,,,,,,,,,,,,,,,,
empty-paint-pot-bar-of-6,,,,,,,,,,,,,,,,,,,,,,,,,,,,https://cdn.shopify.com/s/files/1/0657/9506/3976/files/IMG-20240808-WA0026.jpg?v=1723111621,,"",,,,,,,,,,,,,,,,,,,,,,,,,,,,
free-gift-roll-2-inch,Free gift roll 2 inch,"",Rangoons Shop,Arts & Entertainment > Party & Celebration > Gift Giving > Gift Wrapping,"","",true,Title,Default Title,,,,,,,,"",0.0,shopify,27,deny,manual,1000.00,,true,true,"",https://cdn.shopify.com/s/files/1/0657/9506/3976/files/WhatsAppImage2024-10-18at6.15.03PM.jpg?v=1729321729,,"",false,,,,,,,,,,,,,,,,,,kg,,,true,,,true,,,active
free-gift-roll-2-inch,,,,,,,,,,,,,,,,,,,,,,,,,,,,https://cdn.shopify.com/s/files/1/0657/9506/3976/files/WhatsAppImage2024-10-18at6.07.48PM_587b8eb3-e052-40b3-9a1c-efdb62a8ede2.jpg?v=1729321756,,"",,,,,,,,,,,,,,,,,,,,,,,,,,,,
fril-socks-13-15-cm,Fril socks 13-15 cm,"",Rangoons Shop,Apparel & Accessories > Clothing > Socks,"","",true,Color,blue,product.metafields.shopify.color-pattern,,,,,,,"",0.0,shopify,10,deny,manual,300.00,,true,true,"",https://cdn.shopify.com/s/files/1/0657/9506/3976/files/WhatsAppImage2024-09-10at6.04.51AM.jpg?v=1728769990,,"",false,,,,,,,,,,,,,,,blue; yellow; white; pink,,,kg,,,true,,,true,,,active
fril-socks-13-15-cm,,,,,,,,,yellow,,,,,,,,"",0.0,shopify,10,deny,manual,300.00,,true,true,"",https://cdn.shopify.com/s/files/1/0657/9506/3976/files/WhatsAppImage2024-09-10at6.04.51AM_1.jpg?v=1728769989,,"",,,,,,,,,,,,,,,,,,,kg,,,,,,,,,
fril-socks-13-15-cm,,,,,,,,,white,,,,,,,,"",0.0,shopify,10,deny,manual,300.00,,true,true,"",,,,,,,,,,,,,,,,,,,,,,kg,,,,,,,,,
fril-socks-13-15-cm,,,,,,,,,pink,,,,,,,,"",0.0,shopify,10,deny,manual,300.00,,true,true,"",,,,,,,,,,,,,,,,,,,,,,kg,,,,,,,,,
heart-socks-copy,Frill Socks,"<p>Frill Socks<br>6 colour available <br>1-3 year<br>Rs:300/- each</p>
<!---->",Rangoons Shop,,"","all kids products, all products, kids socks",true,Title,Default Title,,,,,,,,,0.0,shopify,10,deny,manual,300.00,,true,false,,https://cdn.shopify.com/s/files/1/0657/9506/3976/files/23.jpg?v=1716820663,,"",false,,,,,,,,,,,,,,,,,,kg,,,true,,,true,,,active
heart-socks-copy,,,,,,,,,,,,,,,,,,,,,,,,,,,,https://cdn.shopify.com/s/files/1/0657/9506/3976/files/19.jpg?v=1716820663,,"",,,,,,,,,,,,,,,,,,,,,,,,,,,,
heart-socks-copy,,,,,,,,,,,,,,,,,,,,,,,,,,,,https://cdn.shopify.com/s/files/1/0657/9506/3976/files/18.jpg?v=1716820663,,"",,,,,,,,,,,,,,,,,,,,,,,,,,,,
heart-socks-copy,,,,,,,,,,,,,,,,,,,,,,,,,,,,https://cdn.shopify.com/s/files/1/0657/9506/3976/files/20.jpg?v=1716820661,,"",,,,,,,,,,,,,,,,,,,,,,,,,,,,
heart-socks-copy,,,,,,,,,,,,,,,,,,,,,,,,,,,,https://cdn.shopify.com/s/files/1/0657/9506/3976/files/21.jpg?v=1716820661,,"",,,,,,,,,,,,,,,,,,,,,,,,,,,,
heart-socks-copy,,,,,,,,,,,,,,,,,,,,,,,,,,,,https://cdn.shopify.com/s/files/1/0657/9506/3976/files/22.jpg?v=1716820661,,"",,,,,,,,,,,,,,,,,,,,,,,,,,,,
gift-bags,GIFT BAGS,"",Rangoons Shop,,"","",true,Size,Small PACK OF 100,,,,,,,,,0.0,shopify,5000,deny,manual,2500.00,3000.00,true,false,,https://cdn.shopify.com/s/files/1/0657/9506/3976/files/IMG-20241025-WA0016.jpg?v=1730364358,,"",false,,,,,,,,,,,,,,,,,https://cdn.shopify.com/s/files/1/0657/9506/3976/files/IMG-20241025-WA0016.jpg?v=1730364358,kg,,,true,,,true,,,active
gift-bags,,,,,,,,,Large PACK OF 100,,,,,,,,,0.0,shopify,5000,deny,manual,3000.00,3500.00,true,false,,https://cdn.shopify.com/s/files/1/0657/9506/3976/files/IMG-20241025-WA0018.jpg?v=1730364367,,"",,,,,,,,,,,,,,,,,,https://cdn.shopify.com/s/files/1/0657/9506/3976/files/IMG-20241025-WA0018.jpg?v=1730364367,kg,,,,,,,,,
gift-bags,,,,,,,,,,,,,,,,,,,,,,,,,,,,https://cdn.shopify.com/s/files/1/0657/9506/3976/files/IMG-20241025-WA0017.jpg?v=1730364416,,"",,,,,,,,,,,,,,,,,,,,,,,,,,,,
gift-bags,,,,,,,,,,,,,,,,,,,,,,,,,,,,https://cdn.shopify.com/s/files/1/0657/9506/3976/files/IMG-20241025-WA0020.jpg?v=1730364416,,"",,,,,,,,,,,,,,,,,,,,,,,,,,,,
gift-bags,,,,,,,,,,,,,,,,,,,,,,,,,,,,https://cdn.shopify.com/s/files/1/0657/9506/3976/files/IMG-20241025-WA0019.jpg?v=1730364416,,"",,,,,,,,,,,,,,,,,,,,,,,,,,,,
glass-jars,Glass Jars,"",Rangoons Shop,Home & Garden > Kitchen & Dining > Food Storage,"","",true,size,50ml,,,,,,,,"",0.0,shopify,200,deny,manual,300.00,,true,true,"",https://cdn.shopify.com/s/files/1/0657/9506/3976/files/WhatsAppImage2024-09-10at6.02.56AM.jpg?v=1728772152,,"",false,,,,,,,,,,,,,,,,,,kg,,,true,,,true,,,active
glass-jars,,,,,,,,,120ml,,,,,,,,"",0.0,shopify,100,deny,manual,500.00,,true,true,"",https://cdn.shopify.com/s/files/1/0657/9506/3976/files/WhatsAppImage2024-09-10at6.02.57AM_422090e3-9300-4507-bd8e-64743ea24f8c.jpg?v=1728772256,,"",,,,,,,,,,,,,,,,,,,kg,,,,,,,,,
gucci-socks,Gucci socks,<p><img></p>,Rangoons Shop,Apparel & Accessories > Clothing > Socks,"","",true,Color,green,product.metafields.shopify.color-pattern,,,,,,,"",0.0,shopify,10,deny,manual,300.00,,true,true,"",https://cdn.shopify.com/s/files/1/0657/9506/3976/files/WhatsAppImage2024-09-10at6.04.46AM.jpg?v=1728771459,,"",false,,,,,,,,,,,,,,,green; blue; pink,,,kg,,,true,,,true,,,active
gucci-socks,,,,,,,,,blue,,,,,,,,"",0.0,shopify,10,deny,manual,300.00,,true,true,"",https://cdn.shopify.com/s/files/1/0657/9506/3976/files/WhatsAppImage2024-09-10at6.04.46AM_1.jpg?v=1728771458,,"",,,,,,,,,,,,,,,,,,,kg,,,,,,,,,
gucci-socks,,,,,,,,,pink,,,,,,,,"",0.0,shopify,10,deny,manual,300.00,,true,true,"",https://cdn.shopify.com/s/files/1/0657/9506/3976/files/WhatsAppImage2024-09-10at6.04.47AM_2.jpg?v=1728771491,,"",,,,,,,,,,,,,,,,,,,kg,,,,,,,,,
gucci-socks,,,,,,,,,,,,,,,,,,,,,,,,,,,,https://cdn.shopify.com/s/files/1/0657/9506/3976/files/WhatsAppImage2024-09-10at6.04.46AM_2_4c5130d6-fc52-496a-81b4-d9c08447feba.jpg?v=1728771496,,"",,,,,,,,,,,,,,,,,,,,,,,,,,,,
happy-new-year-sticker-roll,Happy New Year Sticker roll,"",Rangoons Shop,Arts & Entertainment > Party & Celebration > Party Supplies > Banners,"","",true,Title,Default Title,,,,,,,,"",0.0,shopify,30,deny,manual,1000.00,1300.00,true,true,"",https://cdn.shopify.com/s/files/1/0657/9506/3976/files/WhatsAppImage2024-10-16at9.19.44AM.jpg?v=1729210776,,"",false,,,,,,,,,,,,,,,,,,kg,,500.00,true,,,true,,,active
happy-new-year-sticker-roll,,,,,,,,,,,,,,,,,,,,,,,,,,,,https://cdn.shopify.com/s/files/1/0657/9506/3976/files/WhatsAppImage2024-10-16at9.19.45AM_b16164b4-d089-4402-9794-36d261ddd887.jpg?v=1729210820,,"",,,,,,,,,,,,,,,,,,,,,,,,,,,,
happy-socks-set-of-5,Happy socks set of 5,<p>S  1 set<br>M. 1 set <br>L.  1 set<br>XL. 1set<br>Total 4 sets</p>,Rangoons Shop,Apparel & Accessories > Clothing > Socks,"","",true,Title,Default Title,,,,,,,,"",0.0,shopify,15,deny,manual,0.00,,true,true,"",https://cdn.shopify.com/s/files/1/0657/9506/3976/files/WhatsAppImage2024-09-10at4.13.17AM.jpg?v=1728771042,,"",false,,,,,,,,,,,,,,,,,,kg,,,true,,,true,,,active
happy-socks-set-of-5,,,,,,,,,,,,,,,,,,,,,,,,,,,,https://cdn.shopify.com/s/files/1/0657/9506/3976/files/WhatsAppImage2024-09-10at4.13.17AM_1.jpg?v=1728771041,,"",,,,,,,,,,,,,,,,,,,,,,,,,,,,
ironman-socks-copy,Heart  Socks,"<p>Heart socks: 3 colour<br>Adult free size<br>8-16 years<br>Rs:300/- each</p>
<p>G socks: 3 colour<br>Adult free size<br>8-16 year<br>Rs:300/- each</p>
<p>Bow socks<br>1-3 year<br>8 colour available<br>Rs:300 each</p>
<!---->",Rangoons Shop,,"","all kids products, all products, kids socks",true,Title,Default Title,,,,,,,,,0.0,shopify,10,deny,manual,300.00,,true,false,,https://cdn.shopify.com/s/files/1/0657/9506/3976/files/9.jpg?v=1716820711,,"",false,,,,,,,,,,,,,,,,,,kg,,,true,,,true,,,active
ironman-socks-copy,,,,,,,,,,,,,,,,,,,,,,,,,,,,https://cdn.shopify.com/s/files/1/0657/9506/3976/files/10.jpg?v=1716820711,,"",,,,,,,,,,,,,,,,,,,,,,,,,,,,
ironman-socks-copy,,,,,,,,,,,,,,,,,,,,,,,,,,,,https://cdn.shopify.com/s/files/1/0657/9506/3976/files/12.jpg?v=1716820710,,"",,,,,,,,,,,,,,,,,,,,,,,,,,,,
ironman-socks-copy,,,,,,,,,,,,,,,,,,,,,,,,,,,,https://cdn.shopify.com/s/files/1/0657/9506/3976/files/13.jpg?v=1716820711,,"",,,,,,,,,,,,,,,,,,,,,,,,,,,,
hello-kitty-cutlery-set,Hello kitty cutlery set,"",Rangoons Shop,Home & Garden > Kitchen & Dining > Tableware > Flatware > Flatware Sets,"","",true,Title,Default Title,,,,,,,,"",0.0,shopify,13,deny,manual,850.00,1000.00,true,true,"",https://cdn.shopify.com/s/files/1/0657/9506/3976/files/WhatsAppImage2024-09-10at6.05.42AM_2.jpg?v=1728769524,,"",false,,,,,,,,,,,,,,,,,,kg,,,true,,,true,,,active
hello-kitty-cutlery-set,,,,,,,,,,,,,,,,,,,,,,,,,,,,https://cdn.shopify.com/s/files/1/0657/9506/3976/files/WhatsAppImage2024-09-10at6.05.42AM_1.jpg?v=1728769528,,"",,,,,,,,,,,,,,,,,,,,,,,,,,,,
hello-kitty-cutlery-set,,,,,,,,,,,,,,,,,,,,,,,,,,,,https://cdn.shopify.com/s/files/1/0657/9506/3976/files/WhatsAppImage2024-09-10at6.05.42AM.jpg?v=1728769533,,"",,,,,,,,,,,,,,,,,,,,,,,,,,,,
hello-kitty-cutlery-set,,,,,,,,,,,,,,,,,,,,,,,,,,,,https://cdn.shopify.com/s/files/1/0657/9506/3976/files/WhatsAppImage2024-09-10at6.05.43AM.jpg?v=1728769535,,"",,,,,,,,,,,,,,,,,,,,,,,,,,,,
hello-kitty-mirror,Hello kitty mirror,"",Rangoons Shop,"Toys & Games > Toys > Dolls, Playsets & Toy Figures","","",true,Title,Default Title,,,,,,,,"",0.0,shopify,15,deny,manual,1000.00,,true,true,"",https://cdn.shopify.com/s/files/1/0657/9506/3976/files/WhatsAppImage2024-10-10at11.56.44PM.jpg?v=1728772404,,"",false,,,,,,,,,,,,,,,,,,kg,,,true,,,true,,,active
hello-kitty-mirror,,,,,,,,,,,,,,,,,,,,,,,,,,,,https://cdn.shopify.com/s/files/1/0657/9506/3976/files/WhatsAppImage2024-10-10at11.21.37PM_9e30278e-5852-42c8-839f-fe291e3627e6.jpg?v=1728772421,,"",,,,,,,,,,,,,,,,,,,,,,,,,,,,
hello-kitty-watches,Hello Kitty watches,"<p>Hello Kitty cute watches</p>
<!---->",Rangoons Shop,,"","all kids products, all products, watches",true,Title,Default Title,,,,,,,,,0.0,shopify,10,deny,manual,1500.00,,true,false,,https://cdn.shopify.com/s/files/1/0657/9506/3976/files/41.jpg?v=1716820799,,"",false,,,,,,,,,,,,,,,,,,kg,,,true,,,true,,,active
hello-kitty-watches,,,,,,,,,,,,,,,,,,,,,,,,,,,,https://cdn.shopify.com/s/files/1/0657/9506/3976/files/46.jpg?v=1716820799,,"",,,,,,,,,,,,,,,,,,,,,,,,,,,,
ironman-socks,Ironman Socks,"<p>Set of 5 socks<br>Small: 1-3 year<br>Medium: 3-5 year<br>Large: 6-8 year<br>X large: 9-12 year</p>
<!---->",Rangoons Shop,,"","all kids products, all products, kids socks",true,Title,Default Title,,,,,,,,"",0.0,shopify,10,deny,manual,1500.00,,true,false,"",https://cdn.shopify.com/s/files/1/0657/9506/3976/files/14.jpg?v=1716820864,,"",false,,,,,,,,,,,,,,,,,,kg,,,true,,,true,,,active
ironman-socks,,,,,,,,,,,,,,,,,,,,,,,,,,,,https://cdn.shopify.com/s/files/1/0657/9506/3976/files/16.jpg?v=1716820871,,"",,,,,,,,,,,,,,,,,,,,,,,,,,,,
ironman-socks,,,,,,,,,,,,,,,,,,,,,,,,,,,,https://cdn.shopify.com/s/files/1/0657/9506/3976/files/15.jpg?v=1716820871,,"",,,,,,,,,,,,,,,,,,,,,,,,,,,,
kids-alarm-clock,Kids Alarm clock,"",Rangoons Shop,Home & Garden > Decor > Clocks > Alarm Clocks,"","",true,character,Bee,,,,,,,,"",0.0,shopify,2,deny,manual,1000.00,,true,true,"",https://cdn.shopify.com/s/files/1/0657/9506/3976/files/WhatsAppImage2024-10-18at3.11.28PM.jpg?v=1729322860,,"",false,,,,,,,,,,,,,,,,,https://cdn.shopify.com/s/files/1/0657/9506/3976/files/WhatsApp_Image_2024-10-18_at_11.49.48_AM.jpg?v=1729323004,kg,,,true,,,true,,,active
kids-alarm-clock,,,,,,,,,Space,,,,,,,,"",0.0,shopify,1,deny,manual,1000.00,,true,true,"",https://cdn.shopify.com/s/files/1/0657/9506/3976/files/WhatsAppImage2024-10-18at11.49.53AM.jpg?v=1729322862,,"",,,,,,,,,,,,,,,,,,https://cdn.shopify.com/s/files/1/0657/9506/3976/files/WhatsAppImage2024-10-18at11.49.53AM.jpg?v=1729322862,kg,,,,,,,,,
kids-alarm-clock,,,,,,,,,,,,,,,,,,,,,,,,,,,,https://cdn.shopify.com/s/files/1/0657/9506/3976/files/WhatsApp_Image_2024-10-18_at_11.49.48_AM.jpg?v=1729323004,,"",,,,,,,,,,,,,,,,,,,,,,,,,,,,
long-thank-you-for-your-purchase-roll,Long thank you for your purchase roll,"",Rangoons Shop,Arts & Entertainment > Party & Celebration > Gift Giving > Gift Wrapping > Gift Tags & Labels,"","",true,Title,Default Title,,,,,,,,"",0.0,shopify,15,deny,manual,700.00,,true,true,"",https://cdn.shopify.com/s/files/1/0657/9506/3976/files/WhatsAppImage2024-10-09at2.30.29AM.jpg?v=1728772478,,"",false,,,,,,,,,,,,,,,,,,kg,,,true,,,true,,,active
long-thank-you-for-your-purchase-roll,,,,,,,,,,,,,,,,,,,,,,,,,,,,https://cdn.shopify.com/s/files/1/0657/9506/3976/files/WhatsAppImage2024-10-09at2.30.02AM.jpg?v=1728772477,,"",,,,,,,,,,,,,,,,,,,,,,,,,,,,
mickey-cutlery-sets,Mickey cutlery sets,"",Rangoons Shop,Home & Garden > Kitchen & Dining > Tableware > Flatware > Flatware Sets,"","",true,Title,Default Title,,,,,,,,"",0.0,shopify,13,deny,manual,1200.00,1450.00,true,true,"",https://cdn.shopify.com/s/files/1/0657/9506/3976/files/WhatsAppImage2024-09-17at8.29.59AM.jpg?v=1728769052,,"",false,,,,,,,,,,,,,,,,,,kg,,,true,,,true,,,active
mickey-cutlery-sets,,,,,,,,,,,,,,,,,,,,,,,,,,,,https://cdn.shopify.com/s/files/1/0657/9506/3976/files/WhatsAppImage2024-09-17at8.30.00AM.jpg?v=1728769051,,"",,,,,,,,,,,,,,,,,,,,,,,,,,,,
mickey-mouse-hair-brush,Mickey mouse hair brush,"<p>Mickey mouse hair brush </p>
<p>12 piece without box 2 piece with box </p>
<p>Total 14 pieces</p>
<!---->",Rangoons Shop,Uncategorized,"","",true,Title,Default Title,,,,,,,,"",0.0,,0,deny,manual,1000.00,,true,true,"",https://cdn.shopify.com/s/files/1/0657/9506/3976/files/images.jpg?v=1723013503,,"",false,,,,,,,,,,,,,,,,,,kg,,,true,,,true,,,active
mickey-mouse-hair-brush,,,,,,,,,,,,,,,,,,,,,,,,,,,,https://cdn.shopify.com/s/files/1/0657/9506/3976/files/IMG-20240807-WA0022_179e71ee-0e60-42dc-8bf1-666974da0ab8.jpg?v=1723013905,,"",,,,,,,,,,,,,,,,,,,,,,,,,,,,
micky-mouse-watch,Micky Mouse Watch,"",Rangoons Shop,Apparel & Accessories > Jewelry > Watches,"","",true,Color,pink,product.metafields.shopify.band-color,,,,,,,"",0.0,shopify,10,deny,manual,800.00,950.00,true,true,"",,,,false,,,,,,,,,,,,,,pink; black,,,,kg,,,true,,,true,,,active
micky-mouse-watch,,,,,,,,,black,,,,,,,,"",0.0,shopify,10,deny,manual,800.00,950.00,true,true,"",,,,,,,,,,,,,,,,,,,,,,kg,,,,,,,,,
mini-n-miki-watches,Mini n Miki watches,"<p>Mini n Miki watches<br>Silicone material strap<br>Rs:1000/- each</p>
<!---->",Rangoons Shop,,"","all kids products, all products, watches",true,Title,Default Title,,,,,,,,,0.0,shopify,10,deny,manual,1000.00,,true,false,,https://cdn.shopify.com/s/files/1/0657/9506/3976/files/17.jpg?v=1716821041,,"",false,,,,,,,,,,,,,,,,,,kg,,,true,,,true,,,active
mini-n-miki-watches,,,,,,,,,,,,,,,,,,,,,,,,,,,,https://cdn.shopify.com/s/files/1/0657/9506/3976/files/25.jpg?v=1716821041,,"",,,,,,,,,,,,,,,,,,,,,,,,,,,,
mini-stapler-with-pin-box-2-characters,Mini stapler with pin box 2 characters,"<p>Mini stapler with pin box<br>2 characters</p>
<p>Hello Kitty</p>
<p>Angry Bird</p>",Rangoons Shop,Toys & Games > Toys > Art & Drawing Toys > Craft Kits,"","",true,Title,Default Title,,,,,,,,"",0.0,shopify,38,deny,manual,550.00,,true,true,"",https://cdn.shopify.com/s/files/1/0657/9506/3976/files/WhatsAppImage2024-09-10at6.04.39AM.jpg?v=1728771860,,"",false,,,,,,,,,,,,,,,,,,kg,,,true,,,true,,,active
mini-stapler-with-pin-box-2-characters,,,,,,,,,,,,,,,,,,,,,,,,,,,,https://cdn.shopify.com/s/files/1/0657/9506/3976/files/WhatsAppImage2024-09-10at6.04.39AM_2.jpg?v=1728771863,,"",,,,,,,,,,,,,,,,,,,,,,,,,,,,
mini-stapler-with-pin-box-2-characters,,,,,,,,,,,,,,,,,,,,,,,,,,,,https://cdn.shopify.com/s/files/1/0657/9506/3976/files/WhatsAppImage2024-09-10at6.04.38AM.jpg?v=1728771862,,"",,,,,,,,,,,,,,,,,,,,,,,,,,,,
multi-fingers-socks,Multi fingers socks,"",Rangoons Shop,Apparel & Accessories > Clothing > Socks,"","",true,Color,blue,product.metafields.shopify.color-pattern,,,,,,,"",0.0,shopify,13,deny,manual,300.00,,true,true,"",https://cdn.shopify.com/s/files/1/0657/9506/3976/files/WhatsAppImage2024-09-10at6.04.50AM.jpg?v=1728770138,,"",false,,,,,,,,,,,,,,,blue; black; pink; red; orange,,,kg,,,true,,,true,,,active
multi-fingers-socks,,,,,,,,,black,,,,,,,,"",0.0,shopify,10,deny,manual,300.00,,true,true,"",,,,,,,,,,,,,,,,,,,,,,kg,,,,,,,,,
multi-fingers-socks,,,,,,,,,pink,,,,,,,,"",0.0,shopify,11,deny,manual,300.00,,true,true,"",,,,,,,,,,,,,,,,,,,,,,kg,,,,,,,,,
multi-fingers-socks,,,,,,,,,red,,,,,,,,"",0.0,shopify,12,deny,manual,300.00,,true,true,"",,,,,,,,,,,,,,,,,,,,,,kg,,,,,,,,,
multi-fingers-socks,,,,,,,,,orange,,,,,,,,"",0.0,shopify,15,deny,manual,300.00,,true,true,"",,,,,,,,,,,,,,,,,,,,,,kg,,,,,,,,,
multi-heart-socks,Multi heart socks,"",Rangoons Shop,Apparel & Accessories > Clothing > Socks,"","",true,Color,black,product.metafields.shopify.color-pattern,,,,,,,"",0.0,shopify,10,deny,manual,300.00,,true,true,"",https://cdn.shopify.com/s/files/1/0657/9506/3976/files/WhatsAppImage2024-09-10at6.04.44AM.jpg?v=1728771668,,"",false,,,,,,,,,,,,,,,black; white; gray,,,kg,,,true,,,true,,,active
multi-heart-socks,,,,,,,,,white,,,,,,,,"",0.0,shopify,11,deny,manual,300.00,,true,true,"",https://cdn.shopify.com/s/files/1/0657/9506/3976/files/WhatsAppImage2024-09-10at6.04.43AM.jpg?v=1728771674,,"",,,,,,,,,,,,,,,,,,,kg,,,,,,,,,
multi-heart-socks,,,,,,,,,gray,,,,,,,,"",0.0,shopify,15,deny,manual,300.00,,true,true,"",https://cdn.shopify.com/s/files/1/0657/9506/3976/files/WhatsAppImage2024-09-10at6.04.44AM_2.jpg?v=1728771673,,"",,,,,,,,,,,,,,,,,,,kg,,,,,,,,,
pink-donald-school-bags,Pink Donald school bags,"",Rangoons Shop,Luggage & Bags > Backpacks,"","",true,Title,Default Title,,,,,,,,'6,0.0,shopify,6,deny,manual,1800.00,2000.00,true,true,"",https://cdn.shopify.com/s/files/1/0657/9506/3976/files/WhatsAppImage2024-09-10at11.52.47PM.jpg?v=1730850487,,"",false,,,,,,,,,,,,,,,,,,kg,,,true,,,true,,,active
pink-donald-school-bags,,,,,,,,,,,,,,,,,,,,,,,,,,,,https://cdn.shopify.com/s/files/1/0657/9506/3976/files/WhatsAppImage2024-09-10at11.53.04PM.jpg?v=1730850497,,"",,,,,,,,,,,,,,,,,,,,,,,,,,,,
pink-donald-school-bags,,,,,,,,,,,,,,,,,,,,,,,,,,,,https://cdn.shopify.com/s/files/1/0657/9506/3976/files/WhatsApp_Image_2024-09-10_at_11.54.58_PM.jpg?v=1730850536,,"",,,,,,,,,,,,,,,,,,,,,,,,,,,,
pink-n-yellow-donald-socks,Pink n yellow Donald socks,"",Rangoons Shop,Apparel & Accessories > Clothing > Socks,"","",true,Title,Default Title,,,,,,,,"",0.0,shopify,15,deny,manual,1500.00,,true,true,"",https://cdn.shopify.com/s/files/1/0657/9506/3976/files/WhatsAppImage2024-09-10at6.04.48AM.jpg?v=1728770768,,"",false,,,,,,,,,,,,,,,,,,kg,,,true,,,true,,,active
pink-n-yellow-donald-socks,,,,,,,,,,,,,,,,,,,,,,,,,,,,https://cdn.shopify.com/s/files/1/0657/9506/3976/files/WhatsAppImage2024-09-10at6.04.49AM_1.jpg?v=1728770768,,"",,,,,,,,,,,,,,,,,,,,,,,,,,,,
portable-painting-books,Portable painting books,"<p>4 colour<br>With pen and Eraser<br>6 pages</p>
<!---->",Rangoons Shop,,"","all kids products, all products, art & craft activities",true,Title,Default Title,,,,,,,,,0.0,shopify,10,deny,manual,800.00,,true,false,,https://cdn.shopify.com/s/files/1/0657/9506/3976/files/6.jpg?v=1716821062,,"",false,,,,,,,,,,,,,,,,,,kg,,,true,,,true,,,active
portable-painting-books,,,,,,,,,,,,,,,,,,,,,,,,,,,,https://cdn.shopify.com/s/files/1/0657/9506/3976/files/28.jpg?v=1716821062,,"",,,,,,,,,,,,,,,,,,,,,,,,,,,,
puzzle-sharpner,Puzzle Sharpner,"",Rangoons Shop,Toys & Games > Toys > Activity Toys,"","",true,Title,Default Title,,,,,,,,"",0.0,shopify,29,deny,manual,100.00,,true,true,"",https://cdn.shopify.com/s/files/1/0657/9506/3976/files/WhatsAppImage2024-08-31at11.35.02PM.jpg?v=1725198760,,"",false,,,,,,,,,,,,,,,,,,kg,,,true,,,true,,,active
puzzle-sharpner,,,,,,,,,,,,,,,,,,,,,,,,,,,,https://cdn.shopify.com/s/files/1/0657/9506/3976/files/WhatsAppImage2024-08-31at11.35.27PM.jpg?v=1725198760,,"",,,,,,,,,,,,,,,,,,,,,,,,,,,,
round-n-square-alram-clock,Round n square alram clock,"",Rangoons Shop,Home & Garden > Decor > Clocks,"","",true,shape,Round,,,,,,,,"",0.0,shopify,5,deny,manual,1000.00,1500.00,true,true,"",https://cdn.shopify.com/s/files/1/0657/9506/3976/files/WhatsAppImage2024-10-17at5.59.24AM.jpg?v=1729211029,,"",false,,,,,,,,,,,,,,,,,https://cdn.shopify.com/s/files/1/0657/9506/3976/files/WhatsAppImage2024-10-17at5.57.35AM.jpg?v=1729211032,kg,,,true,,,true,,,active
round-n-square-alram-clock,,,,,,,,,Square,,,,,,,,"",0.0,shopify,6,deny,manual,1000.00,1500.00,true,true,"",https://cdn.shopify.com/s/files/1/0657/9506/3976/files/WhatsAppImage2024-10-17at5.57.35AM.jpg?v=1729211032,,"",,,,,,,,,,,,,,,,,,https://cdn.shopify.com/s/files/1/0657/9506/3976/files/WhatsAppImage2024-10-17at5.59.24AM.jpg?v=1729211029,kg,,,,,,,,,
round-n-square-alram-clock,,,,,,,,,,,,,,,,,,,,,,,,,,,,https://cdn.shopify.com/s/files/1/0657/9506/3976/files/WhatsAppImage2024-10-17at5.57.43AM_2f346236-1256-4774-bbd8-f357613efac0.jpg?v=1729211095,,"",,,,,,,,,,,,,,,,,,,,,,,,,,,,
round-n-square-alram-clock,,,,,,,,,,,,,,,,,,,,,,,,,,,,https://cdn.shopify.com/s/files/1/0657/9506/3976/files/WhatsAppImage2024-10-17at5.57.45AM_a83ed7a2-2c2f-45a1-94be-b49892acf1a6.jpg?v=1729211121,,"",,,,,,,,,,,,,,,,,,,,,,,,,,,,
round-soap-container,Round Soap container,<p><img></p>,Rangoons Shop,Home & Garden > Bathroom Accessories > Soap & Lotion Dispensers,"","",true,type,Hello Kitty,,,,,,,,"",0.0,shopify,7,deny,manual,1500.00,2000.00,true,true,"",https://cdn.shopify.com/s/files/1/0657/9506/3976/files/WhatsAppImage2024-10-16at10.41.10AM.jpg?v=1729211204,,"",false,,,,,,,,,,,,,,,,,,kg,,,true,,,true,,,active
round-soap-container,,,,,,,,,Space,,,,,,,,"",0.0,shopify,10,deny,manual,1500.00,2000.00,true,true,"",https://cdn.shopify.com/s/files/1/0657/9506/3976/files/WhatsAppImage2024-10-16at10.36.38AM.jpg?v=1729211430,,"",,,,,,,,,,,,,,,,,,,kg,,,,,,,,,
round-soap-container,,,,,,,,,,,,,,,,,,,,,,,,,,,,https://cdn.shopify.com/s/files/1/0657/9506/3976/files/WhatsAppImage2024-10-16at10.41.10AM_b7eec840-5789-48dc-9bc4-4a01926276fd.jpg?v=1729211212,,"",,,,,,,,,,,,,,,,,,,,,,,,,,,,
silver-tins,Silver tins.,"",Rangoons Shop,Home & Garden > Kitchen & Dining > Food Storage > Food Storage Containers,"","",true,Title,Default Title,,,,,,,,"",0.0,shopify,15,deny,manual,0.00,,true,true,"",https://cdn.shopify.com/s/files/1/0657/9506/3976/files/FB_IMG_1710896974464.jpg?v=1719327153,,"",false,,,,,,,,,,,,,,,,,,kg,,,true,,,true,,,active
stickers,Stickers,"<p>Each pack10 stickers<br>4 design available</p>
<!---->",Rangoons Shop,,"","all kids products, all products, art & craft activities",true,Title,Default Title,,,,,,,,"",0.0,shopify,7,deny,manual,100.00,,true,false,"",https://cdn.shopify.com/s/files/1/0657/9506/3976/files/30.jpg?v=1716821087,,"",false,,,,,,,,,,,,,,,,,,kg,,,true,,,true,,,active
stickers,,,,,,,,,,,,,,,,,,,,,,,,,,,,https://cdn.shopify.com/s/files/1/0657/9506/3976/files/31.jpg?v=1716821087,,"",,,,,,,,,,,,,,,,,,,,,,,,,,,,
stickers,,,,,,,,,,,,,,,,,,,,,,,,,,,,https://cdn.shopify.com/s/files/1/0657/9506/3976/files/32.jpg?v=1716821087,,"",,,,,,,,,,,,,,,,,,,,,,,,,,,,
test-tubes-30ml-80ml,Test Tubes: 30ml/ 80ml,"<p>30ml: @100/- Mini order 12 pieces<br>80ml: @120/- Mini order 12 pieces</p>
<!---->",Rangoons Shop,,"","all packaging material products, all products, package materials",true,Title,Default Title,,,,,,,,,0.0,shopify,8,deny,manual,120.00,,true,false,,https://cdn.shopify.com/s/files/1/0657/9506/3976/files/1.jpg?v=1716810805,,"",false,,,,,,,,,,,,,,,,,,kg,,,true,,,true,,,active
test-tubes-30ml-80ml,,,,,,,,,,,,,,,,,,,,,,,,,,,,https://cdn.shopify.com/s/files/1/0657/9506/3976/files/2.jpg?v=1716810805,,"",,,,,,,,,,,,,,,,,,,,,,,,,,,,
thank-you-for-your-purchase-pink-n-white-sticker-roll,Thank you for your purchase pink n white sticker roll,"",Rangoons Shop,Arts & Entertainment > Party & Celebration > Gift Giving > Gift Wrapping,"","",true,Title,Default Title,,,,,,,,"",0.0,shopify,25,deny,manual,500.00,800.00,true,true,"",https://cdn.shopify.com/s/files/1/0657/9506/3976/files/WhatsAppImage2024-10-16at9.27.22AM.jpg?v=1729210913,,"",false,,,,,,,,,,,,,,,,,,kg,,,true,,,true,,,active
thank-you-for-your-purchase-pink-n-white-sticker-roll,,,,,,,,,,,,,,,,,,,,,,,,,,,,https://cdn.shopify.com/s/files/1/0657/9506/3976/files/WhatsAppImage2024-10-16at9.25.28AM_e1d20318-abe0-49d9-a80e-db26fb798f26.jpg?v=1729210923,,"",,,,,,,,,,,,,,,,,,,,,,,,,,,,
toffee-jewelry-container-copy,Thank you sticker roll,"<p>3 sizes<br>1 inch : 650/-<br>1.5 inch : 850/-<br>2.0 inch : 1050/-<br>500 stickers in one roll</p>
<!---->",Rangoons Shop,,"","all packaging material products, all products, package materials",true,Title,Default Title,,,,,,,,,0.0,shopify,8,deny,manual,1050.00,,true,false,,https://cdn.shopify.com/s/files/1/0657/9506/3976/files/26.jpg?v=1716821120,,"",false,,,,,,,,,,,,,,,,,,kg,,,true,,,true,,,active
toffee-jewelry-container-copy,,,,,,,,,,,,,,,,,,,,,,,,,,,,https://cdn.shopify.com/s/files/1/0657/9506/3976/files/27.jpg?v=1716821120,,"",,,,,,,,,,,,,,,,,,,,,,,,,,,,
toffee-jewelry-container-copy,,,,,,,,,,,,,,,,,,,,,,,,,,,,https://cdn.shopify.com/s/files/1/0657/9506/3976/files/36.jpg?v=1716821120,,"",,,,,,,,,,,,,,,,,,,,,,,,,,,,
toffee-jewelry-container,Toffee Jewelry container,"<p>Set of 5: 600/-<br>Each: 150/-</p>
<!---->",Rangoons Shop,,"","all packaging material products, all products, package materials",true,Title,Default Title,,,,,,,,"",0.0,shopify,6,deny,manual,150.00,,true,false,"",https://cdn.shopify.com/s/files/1/0657/9506/3976/files/5.jpg?v=1716810840,,"",false,,,,,,,,,,,,,,,,,,kg,,,true,,,true,,,active
toffee-jewelry-container,,,,,,,,,,,,,,,,,,,,,,,,,,,,https://cdn.shopify.com/s/files/1/0657/9506/3976/files/51.jpg?v=1716821163,,"",,,,,,,,,,,,,,,,,,,,,,,,,,,,
toffee-jewelry-container,,,,,,,,,,,,,,,,,,,,,,,,,,,,https://cdn.shopify.com/s/files/1/0657/9506/3976/files/3.jpg?v=1716821163,,"",,,,,,,,,,,,,,,,,,,,,,,,,,,,
transparent-transport-shape-sharpner,Transparent Transport shape Sharpner,"<p>Multi Transport shape Sharpner</p>
<!---->",Rangoons Shop,,"","all kids products, all products, kids stationary",true,Title,Default Title,,,,,,,,"",0.0,shopify,9,deny,manual,100.00,,true,false,"",https://cdn.shopify.com/s/files/1/0657/9506/3976/files/44.jpg?v=1716821191,,"",false,,,,,,,,,,,,,,,,,,kg,,,true,,,true,,,active
transparent-transport-shape-sharpner,,,,,,,,,,,,,,,,,,,,,,,,,,,,https://cdn.shopify.com/s/files/1/0657/9506/3976/files/50.jpg?v=1716821191,,"",,,,,,,,,,,,,,,,,,,,,,,,,,,,
unicorn-purple-school-bag,Unicorn purple school bag,"",Rangoons Shop,Luggage & Bags > Backpacks,"","",true,Title,Default Title,,,,,,,,"",0.0,shopify,22,deny,manual,1200.00,,true,true,"",https://cdn.shopify.com/s/files/1/0657/9506/3976/files/WhatsAppImage2024-09-10at6.05.41AM_2.jpg?v=1728769705,,"",false,,,,,,,,,,,,,,,,,,kg,,,true,,,true,,,active
unicorn-purple-school-bag,,,,,,,,,,,,,,,,,,,,,,,,,,,,https://cdn.shopify.com/s/files/1/0657/9506/3976/files/WhatsAppImage2024-09-10at6.05.41AM_1_7b87cb04-a86b-4997-9da6-a14c6ff05aca.jpg?v=1728769874,,"",,,,,,,,,,,,,,,,,,,,,,,,,,,,
unicorn-purple-school-bag,,,,,,,,,,,,,,,,,,,,,,,,,,,,https://cdn.shopify.com/s/files/1/0657/9506/3976/files/WhatsAppImage2024-09-10at6.05.41AM_59fd3334-6c48-41f3-9135-12ce75f17e5f.jpg?v=1728769876,,"",,,,,,,,,,,,,,,,,,,,,,,,,,,,
unicorn-socks-set-of-5,Unicorn socks set of 5,"",Rangoons Shop,Apparel & Accessories > Clothing > Socks,"","",true,Title,Default Title,,,,,,,,"",0.0,shopify,15,deny,manual,1500.00,,true,true,"",https://cdn.shopify.com/s/files/1/0657/9506/3976/files/WhatsAppImage2024-09-10at6.04.47AM.jpg?v=1728771201,,"",false,,,,,,,,,,,,,,,,,,kg,,,true,,,true,,,active
unicorn-socks-set-of-5,,,,,,,,,,,,,,,,,,,,,,,,,,,,https://cdn.shopify.com/s/files/1/0657/9506/3976/files/WhatsAppImage2024-09-10at6.04.47AM_1_800ae410-8bfd-480b-a28d-8a8b7ed565ab.jpg?v=1728771214,,"",,,,,,,,,,,,,,,,,,,,,,,,,,,,
untitled-7nov_18-32,Untitled 7Nov_18:32,,Rangoons Shop,,"","",false,Title,Default Title,,,,,,,,,0.0,shopify,0,deny,manual,0.00,,true,true,,,,,false,,,,,,,,,,,,,,,,,,kg,,,true,,,true,,,draft
water-bottle,Water bottle,"<p>Disney character water bottle:1350/- each<br>Transparent water bottle:1250/-<br>Hello Kitty n Doraemon water bottle: 1250/-<br>Donut water bottle: 1000/-</p>
<!---->",Rangoons Shop,,"","all kids products, all products, water bottle",true,Title,Default Title,,,,,,,,,0.0,shopify,10,deny,manual,1350.00,,true,false,,https://cdn.shopify.com/s/files/1/0657/9506/3976/files/40.jpg?v=1716821225,,"",false,,,,,,,,,,,,,,,,,,kg,,,true,,,true,,,active
water-bottle,,,,,,,,,,,,,,,,,,,,,,,,,,,,https://cdn.shopify.com/s/files/1/0657/9506/3976/files/34.jpg?v=1716821225,,"",,,,,,,,,,,,,,,,,,,,,,,,,,,,
water-bottle,,,,,,,,,,,,,,,,,,,,,,,,,,,,https://cdn.shopify.com/s/files/1/0657/9506/3976/files/4.jpg?v=1716821225,,"",,,,,,,,,,,,,,,,,,,,,,,,,,,,
water-bottle-copy,Water bottle,"<p>550ml<br>Water bottle for kids</p>
<!---->",Rangoons Shop,,"","all kids products, all products, water bottle",true,Title,Default Title,,,,,,,,,0.0,shopify,10,deny,manual,1500.00,,true,false,,https://cdn.shopify.com/s/files/1/0657/9506/3976/files/49.jpg?v=1716821251,,"",false,,,,,,,,,,,,,,,,,,kg,,,true,,,true,,,active
water-bottle-copy,,,,,,,,,,,,,,,,,,,,,,,,,,,,https://cdn.shopify.com/s/files/1/0657/9506/3976/files/48.jpg?v=1716821251,,"",,,,,,,,,,,,,,,,,,,,,,,,,,,,
water-bottle-copy,,,,,,,,,,,,,,,,,,,,,,,,,,,,https://cdn.shopify.com/s/files/1/0657/9506/3976/files/45.jpg?v=1716821251,,"",,,,,,,,,,,,,,,,,,,,,,,,,,,,
water-bottle-and-lunch-box,Water bottle and lunch box,"<p>Lunch box each 400/-<br>Mermaid n Space with cutlery<br>*Water Bottle*<br>Dino water bottle 450ml:1250/-<br>Space water bottle 450ml:1250/-<br>Unicorn water bottle 450ml:1250/-<br>Pink Elephant water bottle 450ml:1250/-</p>
<!---->",Rangoons Shop,,"","all kids products, all products, water bottle",true,Title,Default Title,,,,,,,,"",0.0,shopify,10,deny,manual,1250.00,,true,false,"",https://cdn.shopify.com/s/files/1/0657/9506/3976/files/33.jpg?v=1716821270,,"",false,,,,,,,,,,,,,,,,,,kg,,,true,,,true,,,active
water-bottle-and-lunch-box,,,,,,,,,,,,,,,,,,,,,,,,,,,,https://cdn.shopify.com/s/files/1/0657/9506/3976/files/42.jpg?v=1716821272,,"",,,,,,,,,,,,,,,,,,,,,,,,,,,,
water-bottle-and-lunch-box,,,,,,,,,,,,,,,,,,,,,,,,,,,,https://cdn.shopify.com/s/files/1/0657/9506/3976/files/38.jpg?v=1716821272,,"",,,,,,,,,,,,,,,,,,,,,,,,,,,,
well-done-sun-flower-good-job-roll,Well-done sun flower good job roll,"",Rangoons Shop,Office Supplies > General Office Supplies > Paper Products > Receipt & Adding Machine Paper Rolls,"","",true,Title,Default Title,,,,,,,,"",0.0,shopify,13,deny,manual,500.00,,true,true,"",https://cdn.shopify.com/s/files/1/0657/9506/3976/files/WhatsAppImage2024-10-16at9.32.03AM.jpg?v=1729211548,,"",false,,,,,,,,,,,,,,,,,,kg,,,true,,,true,,,active
well-done-sun-flower-good-job-roll,,,,,,,,,,,,,,,,,,,,,,,,,,,,https://cdn.shopify.com/s/files/1/0657/9506/3976/files/WhatsAppImage2024-10-16at9.35.29AM.jpg?v=1729211557,,"",,,,,,,,,,,,,,,,,,,,,,,,,,,,
well-done-sun-flower-good-job-roll,,,,,,,,,,,,,,,,,,,,,,,,,,,,https://cdn.shopify.com/s/files/1/0657/9506/3976/files/WhatsAppImage2024-10-16at9.37.36AM.jpg?v=1729211563,,"",,,,,,,,,,,,,,,,,,,,,,,,,,,,
